name,designation,email,phone
Tim Althoff,,althoffcs.washington.edu,
Richard Anderson,,andersoncs.washington.edu,
Ruth E. Anderson,,reacs.washington.edu,
Tom Anderson,,tomcs.washington.edu,
Magdalena Balazinska,,magdacs.washington.edu,
Paul Beame,,beamecs.washington.edu,
Rastislav Bodik,,bodikcs.washington.edu,
Byron Boots,,bbootscs.washington.edu,
Lauren Bricker,,brickercs.washington.edu,
Maya Cakmak,,mcakmakcs.washington.edu,
Luis Ceze,,luiscezecs.washington.edu,
Yejin Choi,,yejincs.washington.edu,
Brian Curless,,curlesscs.washington.edu,
Simon Du,,ssducs.washington.edu,
Michael Ernst,,mernstcs.washington.edu,
Ali Farhadi,,alics.washington.edu,
James Fogarty,,jfogartycs.washington.edu,
Dieter Fox,,foxcs.washington.edu,
Emily Fox,,ebfoxcs.washington.edu,
Jon Froehlich,,jonfcs.washington.edu,
Shyam Gollakota,,gshyamcs.washington.edu,
Dan Grossman,,djgcs.washington.edu,
Carlos Guestrin,,guestrincs.washington.edu,
Hannaneh Hajishirzi,,hannanehcs.washington.edu,
Jeffrey Heer,,jheercs.washington.edu,
Kurtis Heimerl,,kheimerlcs.washington.edu,
Bruce Hemingway,,brucehcs.washington.edu,
Justin Hsia,,jhsiacs.washington.edu,
Kevin Jamieson,,jamiesoncs.washington.edu,
Ren� Just,,rjustcs.washington.edu,
Sham Kakade,,shamcs.washington.edu,
Anna Karlin,,karlincs.washington.edu,
Ira Kemelmacher-Shlizerman,,kemelmics.washington.edu,
David Kohlbrenner,,dkohlbrecs.washington.edu,
Tadayoshi Kohno,,yoshics.washington.edu,
Arvind Krishnamurthy,,arvindcs.washington.edu,
Ed Lazowska,,lazowskacs.washington.edu,
James R. Lee,,jrlcs.washington.edu,
Su-In Lee,,suinleecs.washington.edu,
Yin Tat Lee,,yintatcs.washington.edu,
Hank Levy,,levycs.washington.edu,
Huijia (Rachel) Lin,,rachelcs.washington.edu,
Kevin Lin,,kevinlcs.uw.edu,
Ryan Maas,,maascs.washington.edu,
Ratul Mahajan,,ratulcs.washington.edu,
Jennifer Mankoff,,jmankoffcs.washington.edu,
Barbara Mones,,monescs.washington.edu,
Jamie Morgenstern,,jamiemmtcs.washington.edu,
Sara Mostafavi,,saramoscs.washington.edu,
Jeff Nivala,,jmdnuw.edu,
Sewoong Oh,,sewoongcs.washington.edu,
Mark Oskin,,oskincs.washington.edu,
Shayan Oveis Gharan,,shayancs.washington.edu,
Shwetak Patel,,shwetakcs.washington.edu,
Hal Perkins,,perkinscs.washington.edu,
Anup Rao,,anupraocs.washington.edu,
Rajesh P. N. Rao,,raocs.washington.edu,
Alexander Ratner,,ajratnergmail.com,
Stuart Reges,,regescs.washington.edu,
Katharina Reinecke,,reineckecs.washington.edu,
Franziska Roesner,,franzics.washington.edu,
Thomas Rothvoss,,rothvossuw.edu,
Walter L (Larry) Ruzzo,,ruzzocs.washington.edu,
Hunter Schafer,,hschafercs.washington.edu,
Adriana Schulz,,adrianacs.washington.edu,
Georg Seelig,,seeligcs.washington.edu,
Steven Seitz,,seitzcs.washington.edu,
Linda Shapiro,,shapirocs.washington.edu,
Joshua R. Smith,,jrscs.washington.edu,
Noah Smith,,nasmithcs.washington.edu,
Siddhartha (Sidd) Srinivasa,,siddhcs.washington.edu,
Dan Suciu,,suciucs.washington.edu,
Steve Tanimoto,,tanimotocs.washington.edu,
Zachary Tatlock,,ztatlockcs.washington.edu,
Michael Taylor,,profmbtcs.washington.edu,
Stefano Tessaro,,tessarocs.washington.edu,
Christopher Thachuk,,thachukcs.washington.edu,
Emina Torlak,,eminacs.washington.edu,
Sheng Wang,,swangcs.washington.edu,
Xi Wang,,xics.washington.edu,
Yuliang Wang,,yuliangwcs.washington.edu,
Robbie Weber,,rtweber2cs.washington.edu,
Daniel S. Weld,,weldcs.washington.edu,
Brett Wortzman,,brettwocs.washington.edu,
John Zahorjan,,zahorjancs.washington.edu,
Luke Zettlemoyer,,lszcs.washington.edu,
Amy Zhang,,axzcs.uw.edu,
