name,designation,email,phone
Caroline Betts,Caroline Betts,cbetts@usc.edu,(213)740-2430
Isabelle Brocas,Isabelle Brocas,brocas@usc.edu,(213)740-8842
Fanny Camara,Fanny Camara,fcamara@usc.edu,(213)740-8842
Juan Carrillo,Juan Carrillo,juandc@usc.edu,(213)740-3526
Giorgio Coricelli,Giorgio Coricelli,coricell@usc.edu,(213)740-3517
Robert Dekle,Robert Dekle,dekle@usc.edu,(213)740-3528
Michael Deprano,Michael Deprano,deprano@usc.edu,(213)740-3525
Cheng Hsiao,Cheng Hsiao,chsiao@usc.edu,(213)740-2103
Yu-Wei Hsieh,Yu-Wei Hsieh,yuwei.hsieh@usc.edu,(213)740-2134
Matthew Kahn,Matthew Kahn,kahnme@usc.edu,(213)740-2134
Pablo Kurlat,Pablo Kurlat,kurlat@usc.edu,(213)740-2134
Michael Leung,Michael Leung,leungm@usc.edu,(213)740-2134
Jonathan Libgober,Jonathan Libgober,libgober@usc.edu,(213)740-2134
Michael Magill,Michael Magill,magill@usc.edu,(213)740-2104
Hyungsik Roger Moon,Hyungsik Roger Moon,moonr@usc.edu,(213)740-2109
Monica Morlacco,Monica Morlacco,morlacco@usc.edu,(213)740-2109
Afshin Nikzad,Afshin Nikzad,afshinni@usc.edu,(213)740-2109
Jeff Nugent,Jeff Nugent,nugent@usc.edu,(213)740-2107
Paulina Oliva,Paulina Oliva,olivaval@usc.edu,(213)740-2105
Hashem Pesaran,Hashem Pesaran,pesaran@usc.edu,(213)740-3510
Simon Quach,Simon Quach,,(213)740-3510
Romain Ranciere,Romain Ranciere,ranciere@usc.edu,(213)740-3510
Geert Ridder,Geert Ridder,ridder@usc.edu,(213)740-7432
John Strauss,John Strauss,jstrauss@usc.edu,(213)740-7698
Guofu Tan,Guofu Tan,guofutan@usc.edu,(213)740-3520
Jeffrey Weaver,Jeffrey Weaver,jbweaver@usc.edu,(213)740-3520
Donald Yett,Donald Yett,dyett@usc.edu,(213)740-3514
David Zeke,David Zeke,zeke@usc.edu,(213)740-3514
Harrison Cheng,Harrison Cheng,hacheng@usc.edu,(213)740-2105
Richard Day,Richard Day,,(213)740-2432
Richard Easterlin,Richard Easterlin,easterl@usc.edu,(213)740-6993
