name,designation,email,phone
Itzhak Bars,Itzhak Bars,bars@usc.edu,(213) 740-0047
Gerd Bergmann,Gerd Bergmann,bergmann@usc.edu,(213) 740-1116
Gene Bickers,Gene Bickers,bickers@usc.edu,(213) 740-1114
James Boedicker,James Boedicker,boedicke@usc.edu,(213) 740-1104
Hans Bozler,Hans Bozler,hbozler@usc.edu,Research Areas: Studies of materials at ultralow temperatures. Studies of liquid and solid helium. Applications of SQUIDs (Superconducting Quantum Interference Devices) to NMR.
Peter Chung,Peter Chung,pjchung@usc.edu,Research Areas: Studies of materials at ultralow temperatures. Studies of liquid and solid helium. Applications of SQUIDs (Superconducting Quantum Interference Devices) to NMR.
Rosa Di Felice,Rosa Di Felice,difelice@usc.edu,(213) 740-2999
Moh El-Naggar,Moh El-Naggar,mnaggar@usc.edu,(213) 740-2394
Jack Feinberg,Jack Feinberg,feinberg@usc.edu,(213) 740-1134
Vera Gluscevic,Vera Gluscevic,gluscevi@usc.edu,(213) 7400897 x0897
Christopher Gould,Christopher Gould,gould@usc.edu,(213) 740-1101
Stephan Haas,Stephan Haas,shaas@usc.edu,(213) 740-4528
Christoph Haselwandter,Christoph Haselwandter,cah77@usc.edu,(213) 740-1115
Clifford Johnson,Clifford Johnson,johnson1@usc.edu,(213) 821-1772
Rajiv Kalia,Rajiv Kalia,rkalia@usc.edu,(213) 821-2658
Vitaly Kresin,Vitaly Kresin,kresin@usc.edu,(213) 740-0868
Eli Levenson-Falk,Eli Levenson-Falk,elevenso@usc.edu,(213) 740-0163
Grace Lu,Grace Lu,jialu@usc.edu,(213) 821-4328
Amber Miller,Amber Miller,dean@dornsife.usc.edu,(213) 821-4328
Dennis Nemeschansky,Dennis Nemeschansky,dennisn@usc.edu,(213) 740-1130
Elena Pierpaoli,Elena Pierpaoli,pierpaol@usc.edu,"Research Areas: As a theoretical cosmologist, my main aim is to determine the content of the Universe, its evolution and characteristics now and at very early times. While these questions have been outstanding issues for Humankind for centuries, we are now in the position to address them is a quantitative way through the study of astrophysical objects outside our own Galaxy. Two major astrophysical observables can be invoked for this purpose: the Cosmic Microwave Background (CMB) radiation, otherwise known as the radiation that comes to us almost from the times of the Big Bang, and the distribution of galaxie..."
Krzysztof Pilch,Krzysztof Pilch,pilch@usc.edu,(213) 740-1145
Edward Rhodes,Edward Rhodes,erhodes@usc.edu,(213) 740-6329
Hubert Saleur,Hubert Saleur,saleur@usc.edu,(213) 740-6652
Robin Shakeshaft,Robin Shakeshaft,robins@usc.edu,(213) 740-7888
Nicholas Warner,Nicholas Warner,warner@usc.edu,(213) 740-1146
Paolo Zanardi,Paolo Zanardi,zanardi@usc.edu,(213) 740-4649
Todd Brun,Todd Brun,tbrun@usc.edu,(213) 740-3503
Paul Dapkus,Paul Dapkus,dapkus@usc.edu,(213) 740-3503
Martin Gundersen,Martin Gundersen,mag@usc.edu,(213) 740-4396
Joseph Kunc,Joseph Kunc,kunc@usc.edu,(213) 740-5375
Anthony Levi,Anthony Levi,alevi@usc.edu,(213) 740-7318
Daniel Lidar,Daniel Lidar,lidar@usc.edu,(213) 740-0198
Anupam Madhukar,Anupam Madhukar,madhukar@usc.edu,(213) 740-4323
Aiichiro Nakano,Aiichiro Nakano,anakano@usc.edu,(213) 821-2657
Fabien Pinaud,Fabien Pinaud,pinaud@usc.edu,(213) 740-2262
Michelle Povinelli,Michelle Povinelli,povinell@usc.edu,(213) 740-2262
Oleg Prezhdo,Oleg Prezhdo,prezhdo@usc.edu,(213) 821-3116
Remo Rohs,Remo Rohs,rohs@usc.edu,(213) 740-0552
Susumu Takahashi,Susumu Takahashi,susumuta@usc.edu,(213) 821-3187
Armand Tanguay,Armand Tanguay,atanguay@usc.edu,(213) 821-3187
Priya Vashishta,Priya Vashishta,priyav@usc.edu,(213) 821-2663
Andrey Vilesov,Andrey Vilesov,vilesov@usc.edu,(213) 821-2936
Lorenzo Campos Venuti,Lorenzo Campos Venuti,lcamposv@usc.edu,(213) 740-4379
Leonid Didkovsky,Leonid Didkovsky,leonid@usc.edu,(213) 740-6343
Geraldine Peters,Geraldine Peters,gpeters@usc.edu,(213) 740-6336
Satish Thittamaranahalli Ka,Satish Thittamaranahalli Ka,thittama@usc.edu,(213) 740-6336
Tameem Albash,Tameem Albash,albash@usc.edu,(213) 740-7492
Hiba Assi,Hiba Assi,hibaassi@usc.edu,(213) 740-7492
Douglas Burke,Douglas Burke,burked@usc.edu,(213) 740-6248
Hamid Chabok,Hamid Chabok,chabok@usc.edu,(213) 740-6230
Itay Hen,Itay Hen,hen@usc.edu,Adjunct Associate Professor (Research) of Physics and Astronomy
Scott Macdonald,Scott Macdonald,smacdona@usc.edu,(213) 821-0740
Nicolas Moure,Nicolas Moure,mouregom@usc.edu,(213) 821-0740
Andrew Newman,Andrew Newman,,(213) 821-0740
Vahe Peroomian,Vahe Peroomian,peroomia@usc.edu,(213) 740-2386
Kenneth Phillips,Kenneth Phillips,phil156@usc.edu,(213) 740-2386
Anthony Piro,Anthony Piro,,(213) 740-2386
Christopher Sutherland,Christopher Sutherland,cjsuther@usc.edu,(213) 740-2386
Tu-Nan Chang,Tu-Nan Chang,tnchang@usc.edu,(213) 740-1133
Werner Däppen,Werner Däppen,dappen@usc.edu,(213) 740-1316
Melvin Daybell,Melvin Daybell,,(213) 740-1316
Robert Hellwarth,Robert Hellwarth,hellwart@usc.edu,(213) 740-4380
Richard Thompson,Richard Thompson,rsthom@usc.edu,(213) 740-1131
Robert Wu,Robert Wu,robertwu@usc.edu,(213) 740-6332
