
name,designation,email,phone
"Alexandrova, Anastassia N.",Faculty,ana@chem.ucla.edu,(310) 825-3769
"Andrews, Anne M.",Faculty,aandrews@mednet.ucla.edu,(310) 794-9421 �
"Backus, Keriann M",Faculty,kbackus@chem.ucla.edu,",
"Barr, Kristopher",Faculty,barr@chem.ucla.edu,(310) 825-8427
"Baugh, Delroy A.",Faculty,dab@chem.ucla.edu,(310) 206-1485
"Bensimon, David B.",Faculty,bensimon@chem.ucla.edu,",
"Bouchard, Louis",Faculty,bouchard@chem.ucla.edu,(310) 825-1764
"Bowie, James U.",Faculty,bowie@mbi.ucla.edu,(310) 206-4747
"Bruinsma, Robijn",Faculty,bruinsma@physics.ucla.edu,(310) 825-8539
"Caram, Justin",Faculty,jcaram@chem.ucla.edu,310-983-3982
"Carter, Emily A.",Faculty,eac@ucla.edu,",
"Casey, Jennifer R.",Faculty,jrcasey@chem.ucla.edu,310-825-1853
"Castillo, Marlius",Faculty,marlius@chem.ucla.edu,
"Chanfreau, Guillaume F.",Faculty,guillom@chem.ucla.edu,(310) 825-4399
"Chen, Irene A.",Faculty,ireneachen@ucla.edu,",
"Clarke, Steven G.",Faculty,clarke@mbi.ucla.edu,(310) 825-8754
"Clarke, Catherine F.",Faculty,cathy@chem.ucla.edu,(310) 825-0771
"Clubb, Robert T.",Faculty,rclubb@mbi.ucla.edu,(310) 206-2334
"Courey, Albert J.",Faculty,courey@chem.ucla.edu,(310) 825-2530
"Deming, Timothy J.",Faculty,demingt@seas.ucla.edu,(310) 267-4450
"Diaconescu, Paula L.",Faculty,pld@chem.ucla.edu,(310) 794-4809
"Duan, Xiangfeng",Faculty,xduan@chem.ucla.edu,(310) 267-4947
"Eisenberg, David S.",Faculty,david@mbi.ucla.edu,(310) 825-3754
"Feigon, Juli",Faculty,feigon@mbi.ucla.edu,(310) 206-6922
"Felker, Peter M.",Faculty,pmf@chem.ucla.edu,(310) 206-6924
"Garcia-Garibay, Miguel A.",Faculty,mgg@chem.ucla.edu,(310) 825-3159
"Garg, Neil K.",Faculty,neilgarg@chem.ucla.edu,(310)- 825-1536
"Gelbart, William M.",Faculty,wmg@chem.ucla.edu,(310) 825-2005
"Gimzewski, James K.",Faculty,gim@chem.ucla.edu,(310) 794-7514
"Gober, James W.",Faculty,gober@chem.ucla.edu,(310) 206-9449
"Harran, Patrick G.",Faculty,harran@chem.ucla.edu,(310) 825-6463
"Henary, Maher M.",Faculty,henary@chem.ucla.edu,(310) 206-2203
"Hong-Hermesdorf,Anne",Faculty,ahhong@chem.ucla.edu,(310)-825-2419
"Houk, Kendall N.",Faculty,houk@chem.ucla.edu,(310) 206-0515
"Hubbell, Wayne L.",Faculty,hubbellw@jsei.ucla.edu,(310) 206-8831
"Jung, Michael E.",Faculty,mej@chem.ucla.edu,(310) 825-7954
"Kaner, Richard B.",Faculty,rbk@chem.ucla.edu,(310) 825-5346
"Knobler, Charles M.",Faculty,cmk@chem.ucla.edu,(310) 825-4330
"Koehler, Carla M.",Faculty,koehlerc@chem.ucla.edu,(310) 794-4834
"Kopelevich, Max",Faculty,mik@chem.ucla.edu,(310) 206-3902
"Kosuri, Sriram",Faculty,skosuri@chem.ucla.edu,(310) 825-8931
"Kwon, Ohyun",Faculty,ohyun@chem.ucla.edu,(310) 267-4954
"Lavelle, Laurence",Faculty,lavelle@chem.ucla.edu,(310) 825-2083
"Lee, Christopher J.",Faculty,leec@chem.ucla.edu,(310) 825-7374
"Levine, Alexander J.",Faculty,alevine@chem.ucla.edu,(310) 794-4436
"Levine, Raphael D.",Faculty,rafi@chem.ucla.edu,(310) 206-0476
"Liu, Chong",Faculty,chongliu@chem.ucla.edu,(310) 983-3984
"Loo, Joseph A.",Faculty,jloo@chem.ucla.edu,(310) 794-7023
"Mason, Thomas G.",Faculty,mason@chem.ucla.edu,(310) 206-4956
"Maynard, Heather D.",Faculty,maynard@chem.ucla.edu,(310) 267-5162
